,summary,summary_detail,id,guidislink,links,link,published,published_parsed,title,title_detail
0,"(Bloomberg) -- Lina Khan, the antitrust crusader leading the Federal Trade Commission, suffered her first major defeat as Amazon.com Inc. closed its acquisition of movie studio Metro-Goldwyn-Mayer, underscoring the limits to Washington’s efforts to rein in the technology industry’s giants.Most Read from BloombergPutin Vows to Rid Russia of ‘Traitors’ While Waging Ukraine WarRichest Russian Built NYC Power Over Decades and Lost It in WeeksShock Waves From War in Ukraine Threaten to Swamp Sri Lank","{'type': 'text/html', 'language': None, 'base': 'https://feeds.finance.yahoo.com/rss/2.0/headline?s=FB&region=US&lang=en-US', 'value': '(Bloomberg) -- Lina Khan, the antitrust crusader leading the Federal Trade Commission, suffered her first major defeat as Amazon.com Inc. closed its acquisition of movie studio Metro-Goldwyn-Mayer, underscoring the limits to Washington’s efforts to rein in the technology industry’s giants.Most Read from BloombergPutin Vows to Rid Russia of ‘Traitors’ While Waging Ukraine WarRichest Russian Built NYC Power Over Decades and Lost It in WeeksShock Waves From War in Ukraine Threaten to Swamp Sri Lank'}",2f46cd15-4c49-3b8e-8df1-307933946343,False,"[{'rel': 'alternate', 'type': 'text/html', 'href': 'https://finance.yahoo.com/news/amazon-ftc-nemesis-dealt-setback-214828619.html?.tsrc=rss'}]",https://finance.yahoo.com/news/amazon-ftc-nemesis-dealt-setback-214828619.html?.tsrc=rss,"Thu, 17 Mar 2022 21:48:28 +0000","time.struct_time(tm_year=2022, tm_mon=3, tm_mday=17, tm_hour=21, tm_min=48, tm_sec=28, tm_wday=3, tm_yday=76, tm_isdst=0)",Amazon’s FTC Nemesis Is Dealt a Setback on MGM Deal -- for Now,"{'type': 'text/plain', 'language': None, 'base': 'https://feeds.finance.yahoo.com/rss/2.0/headline?s=FB&region=US&lang=en-US', 'value': 'Amazon’s FTC Nemesis Is Dealt a Setback on MGM Deal -- for Now'}"
1,Yahoo Finance anchors Brad Smith and Rachelle Akuffo discuss Meta temporarily suspending Kanye West's Instagram account after he directed a racial slur towards comedian Trevor Noah.,"{'type': 'text/html', 'language': None, 'base': 'https://feeds.finance.yahoo.com/rss/2.0/headline?s=FB&region=US&lang=en-US', 'value': ""Yahoo Finance anchors Brad Smith and Rachelle Akuffo discuss Meta temporarily suspending Kanye West's Instagram account after he directed a racial slur towards comedian Trevor Noah.""}",ede7b2bc-809d-39d5-bab4-96c62f7fb1e4,False,"[{'rel': 'alternate', 'type': 'text/html', 'href': 'https://finance.yahoo.com/video/meta-suspends-kanye-west-instagram-211213484.html?.tsrc=rss'}]",https://finance.yahoo.com/video/meta-suspends-kanye-west-instagram-211213484.html?.tsrc=rss,"Thu, 17 Mar 2022 21:12:13 +0000","time.struct_time(tm_year=2022, tm_mon=3, tm_mday=17, tm_hour=21, tm_min=12, tm_sec=13, tm_wday=3, tm_yday=76, tm_isdst=0)",Meta suspends Kanye West from Instagram for racist slur towards comedian Trevor Noah,"{'type': 'text/plain', 'language': None, 'base': 'https://feeds.finance.yahoo.com/rss/2.0/headline?s=FB&region=US&lang=en-US', 'value': 'Meta suspends Kanye West from Instagram for racist slur towards comedian Trevor Noah'}"
2,"Yahoo Finance reporter Emily McCormick discusses a new note out from Wedbush Analyst Dan Ives, who is pushing investors to buy oversold tech stocks like Apple.","{'type': 'text/html', 'language': None, 'base': 'https://feeds.finance.yahoo.com/rss/2.0/headline?s=FB&region=US&lang=en-US', 'value': 'Yahoo Finance reporter Emily McCormick discusses a new note out from Wedbush Analyst Dan Ives, who is pushing investors to buy oversold tech stocks like Apple.'}",6d494043-559a-33c4-a8ac-181299647e2f,False,"[{'rel': 'alternate', 'type': 'text/html', 'href': 'https://finance.yahoo.com/video/why-one-analyst-pushing-buy-205209510.html?.tsrc=rss'}]",https://finance.yahoo.com/video/why-one-analyst-pushing-buy-205209510.html?.tsrc=rss,"Thu, 17 Mar 2022 20:52:09 +0000","time.struct_time(tm_year=2022, tm_mon=3, tm_mday=17, tm_hour=20, tm_min=52, tm_sec=9, tm_wday=3, tm_yday=76, tm_isdst=0)",Why one analyst is pushing to buy ‘oversold tech stocks’ like Apple,"{'type': 'text/plain', 'language': None, 'base': 'https://feeds.finance.yahoo.com/rss/2.0/headline?s=FB&region=US&lang=en-US', 'value': 'Why one analyst is pushing to buy ‘oversold tech stocks’ like Apple'}"
3,Yahoo Finance returns to a look at Warren Buffett's favorite stock market indicator amid a tough start to the year for investors.,"{'type': 'text/html', 'language': None, 'base': 'https://feeds.finance.yahoo.com/rss/2.0/headline?s=FB&region=US&lang=en-US', 'value': ""Yahoo Finance returns to a look at Warren Buffett's favorite stock market indicator amid a tough start to the year for investors.""}",7d503e40-3447-4f1d-8425-dfe66809ef1b,False,"[{'rel': 'alternate', 'type': 'text/html', 'href': 'https://finance.yahoo.com/news/heres-what-warren-buffetts-favorite-stock-market-indicator-is-saying-now-174656238.html?.tsrc=rss'}]",https://finance.yahoo.com/news/heres-what-warren-buffetts-favorite-stock-market-indicator-is-saying-now-174656238.html?.tsrc=rss,"Thu, 17 Mar 2022 17:46:56 +0000","time.struct_time(tm_year=2022, tm_mon=3, tm_mday=17, tm_hour=17, tm_min=46, tm_sec=56, tm_wday=3, tm_yday=76, tm_isdst=0)",Here's what Warren Buffett's favorite stock market indicator is saying now,"{'type': 'text/plain', 'language': None, 'base': 'https://feeds.finance.yahoo.com/rss/2.0/headline?s=FB&region=US&lang=en-US', 'value': ""Here's what Warren Buffett's favorite stock market indicator is saying now""}"
4,"After a volatile start to the year, many technology stocks have become significantly cheaper — and it's time to start scooping up shares, according to at least one analyst.","{'type': 'text/html', 'language': None, 'base': 'https://feeds.finance.yahoo.com/rss/2.0/headline?s=FB&region=US&lang=en-US', 'value': ""After a volatile start to the year, many technology stocks have become significantly cheaper — and it's time to start scooping up shares, according to at least one analyst.""}",82ecea4b-bf92-46e4-bccb-3d1627a1c979,False,"[{'rel': 'alternate', 'type': 'text/html', 'href': 'https://finance.yahoo.com/news/buy-oversold-tech-stocks-especially-apple-analyst-171303333.html?.tsrc=rss'}]",https://finance.yahoo.com/news/buy-oversold-tech-stocks-especially-apple-analyst-171303333.html?.tsrc=rss,"Thu, 17 Mar 2022 17:13:03 +0000","time.struct_time(tm_year=2022, tm_mon=3, tm_mday=17, tm_hour=17, tm_min=13, tm_sec=3, tm_wday=3, tm_yday=76, tm_isdst=0)","Buy ‘oversold tech stocks,’ especially Apple: Analyst","{'type': 'text/plain', 'language': None, 'base': 'https://feeds.finance.yahoo.com/rss/2.0/headline?s=FB&region=US&lang=en-US', 'value': 'Buy ‘oversold tech stocks,’ especially Apple: Analyst'}"
5,"It's been a few weeks since Meta Platforms  saw its stock slammed after disclosing massive spending on its metaverse initiatives.  Real Money Columnist Kevin Curran noted at the time that the disclosures from Mark Zuckerberg's company have implications for many other potential players in the virtual world.  ""After the newly renamed Meta Platforms posted a massive miss on earnings, driven by heavy investment in money losing metaverse efforts, there's good reason for investors bullish on the metaverse narrative to get nervous,"" Curran wrote on Real Money.","{'type': 'text/html', 'language': None, 'base': 'https://feeds.finance.yahoo.com/rss/2.0/headline?s=FB&region=US&lang=en-US', 'value': 'It\'s been a few weeks since Meta Platforms  saw its stock slammed after disclosing massive spending on its metaverse initiatives.  Real Money Columnist Kevin Curran noted at the time that the disclosures from Mark Zuckerberg\'s company have implications for many other potential players in the virtual world.  ""After the newly renamed Meta Platforms posted a massive miss on earnings, driven by heavy investment in money losing metaverse efforts, there\'s good reason for investors bullish on the metaverse narrative to get nervous,"" Curran wrote on Real Money.'}",a9597483-38fb-3cb6-a674-14dfe83739a1,False,"[{'rel': 'alternate', 'type': 'text/html', 'href': 'https://finance.yahoo.com/m/a9597483-38fb-3cb6-a674-14dfe83739a1/mark-zuckerberg-may-get.html?.tsrc=rss'}]",https://finance.yahoo.com/m/a9597483-38fb-3cb6-a674-14dfe83739a1/mark-zuckerberg-may-get.html?.tsrc=rss,"Thu, 17 Mar 2022 16:59:00 +0000","time.struct_time(tm_year=2022, tm_mon=3, tm_mday=17, tm_hour=16, tm_min=59, tm_sec=0, tm_wday=3, tm_yday=76, tm_isdst=0)",Mark Zuckerberg May Get Leapfrogged Into the Metaverse,"{'type': 'text/plain', 'language': None, 'base': 'https://feeds.finance.yahoo.com/rss/2.0/headline?s=FB&region=US&lang=en-US', 'value': 'Mark Zuckerberg May Get Leapfrogged Into the Metaverse'}"
6,Yahoo Finance's Julie Hyman breaks down leading business headlines today.,"{'type': 'text/html', 'language': None, 'base': 'https://feeds.finance.yahoo.com/rss/2.0/headline?s=FB&region=US&lang=en-US', 'value': ""Yahoo Finance's Julie Hyman breaks down leading business headlines today.""}",25cf9be7-a041-37e5-aaab-66f51474d49b,False,"[{'rel': 'alternate', 'type': 'text/html', 'href': 'https://finance.yahoo.com/video/robinhood-prepares-stock-lending-program-144701566.html?.tsrc=rss'}]",https://finance.yahoo.com/video/robinhood-prepares-stock-lending-program-144701566.html?.tsrc=rss,"Thu, 17 Mar 2022 14:47:01 +0000","time.struct_time(tm_year=2022, tm_mon=3, tm_mday=17, tm_hour=14, tm_min=47, tm_sec=1, tm_wday=3, tm_yday=76, tm_isdst=0)","Robinhood prepares stock lending program, Instagram bans Kanye, Tesla hikes Model Y price in China","{'type': 'text/plain', 'language': None, 'base': 'https://feeds.finance.yahoo.com/rss/2.0/headline?s=FB&region=US&lang=en-US', 'value': 'Robinhood prepares stock lending program, Instagram bans Kanye, Tesla hikes Model Y price in China'}"
7,Global Investment Strategist Simeon Hyman joins Yahoo Finance Live to discuss the outlook for stocks as the Fed raises interest rates and investing in the metaverse.,"{'type': 'text/html', 'language': None, 'base': 'https://feeds.finance.yahoo.com/rss/2.0/headline?s=FB&region=US&lang=en-US', 'value': 'Global Investment Strategist Simeon Hyman joins Yahoo Finance Live to discuss the outlook for stocks as the Fed raises interest rates and investing in the metaverse.'}",4b34f674-a330-3a1d-a78a-1ccf3da8e379,False,"[{'rel': 'alternate', 'type': 'text/html', 'href': 'https://finance.yahoo.com/video/market-strategist-talks-stocks-investing-144648659.html?.tsrc=rss'}]",https://finance.yahoo.com/video/market-strategist-talks-stocks-investing-144648659.html?.tsrc=rss,"Thu, 17 Mar 2022 14:46:48 +0000","time.struct_time(tm_year=2022, tm_mon=3, tm_mday=17, tm_hour=14, tm_min=46, tm_sec=48, tm_wday=3, tm_yday=76, tm_isdst=0)","Market strategist talks stocks, investing amid rising rates, and the metaverse ETF","{'type': 'text/plain', 'language': None, 'base': 'https://feeds.finance.yahoo.com/rss/2.0/headline?s=FB&region=US&lang=en-US', 'value': 'Market strategist talks stocks, investing amid rising rates, and the metaverse ETF'}"
8,"Meta Platforms Inc on Thursday said it will build new tools to allow brands to prevent their ads from appearing next to unsuitable content on Facebook and Instagram, and will begin testing the tools later this year to launch in early 2023.  The social media company also said it selected advertising measurement firm Zefr as its partner to provide outside verification that ads appeared only next to suitable content.  The move is part of Meta's answer to longstanding demands from the advertising industry, which has advocated for brands to be given greater control over where their ads appear online.","{'type': 'text/html', 'language': None, 'base': 'https://feeds.finance.yahoo.com/rss/2.0/headline?s=FB&region=US&lang=en-US', 'value': ""Meta Platforms Inc on Thursday said it will build new tools to allow brands to prevent their ads from appearing next to unsuitable content on Facebook and Instagram, and will begin testing the tools later this year to launch in early 2023.  The social media company also said it selected advertising measurement firm Zefr as its partner to provide outside verification that ads appeared only next to suitable content.  The move is part of Meta's answer to longstanding demands from the advertising industry, which has advocated for brands to be given greater control over where their ads appear online.""}",cb3913e7-4173-3f8d-b36f-8ca4c82c29cc,False,"[{'rel': 'alternate', 'type': 'text/html', 'href': 'https://finance.yahoo.com/news/meta-test-content-tools-advertisers-140336729.html?.tsrc=rss'}]",https://finance.yahoo.com/news/meta-test-content-tools-advertisers-140336729.html?.tsrc=rss,"Thu, 17 Mar 2022 14:03:36 +0000","time.struct_time(tm_year=2022, tm_mon=3, tm_mday=17, tm_hour=14, tm_min=3, tm_sec=36, tm_wday=3, tm_yday=76, tm_isdst=0)",Meta to test content tools for advertisers later this year,"{'type': 'text/plain', 'language': None, 'base': 'https://feeds.finance.yahoo.com/rss/2.0/headline?s=FB&region=US&lang=en-US', 'value': 'Meta to test content tools for advertisers later this year'}"
9,"Advanced Micro Devices (NASDAQ: AMD) recently finalized its acquisition of Xilinx, and shares are down nearly 35% from recent all-time highs of $164.46. The stock market has been spooked so far in 2022 due to inflation, interest rates, and geopolitical risks.","{'type': 'text/html', 'language': None, 'base': 'https://feeds.finance.yahoo.com/rss/2.0/headline?s=FB&region=US&lang=en-US', 'value': 'Advanced Micro Devices\xa0(NASDAQ: AMD) recently finalized its acquisition of Xilinx, and shares are down nearly 35% from recent all-time highs of $164.46. The stock market has been spooked so far in 2022 due to inflation, interest rates, and geopolitical risks.'}",7ced55b4-de7b-3ede-996f-da51e046500d,False,"[{'rel': 'alternate', 'type': 'text/html', 'href': 'https://finance.yahoo.com/m/7ced55b4-de7b-3ede-996f-da51e046500d/is-amd-stock-a-buy-now%3F.html?.tsrc=rss'}]",https://finance.yahoo.com/m/7ced55b4-de7b-3ede-996f-da51e046500d/is-amd-stock-a-buy-now%3F.html?.tsrc=rss,"Thu, 17 Mar 2022 14:00:00 +0000","time.struct_time(tm_year=2022, tm_mon=3, tm_mday=17, tm_hour=14, tm_min=0, tm_sec=0, tm_wday=3, tm_yday=76, tm_isdst=0)",Is AMD Stock a Buy Now?,"{'type': 'text/plain', 'language': None, 'base': 'https://feeds.finance.yahoo.com/rss/2.0/headline?s=FB&region=US&lang=en-US', 'value': 'Is AMD Stock a Buy Now?'}"
10,(Bloomberg) -- A push in Congress to regulate digital app stores has pitted Apple Inc. and Alphabet Inc. against Microsoft Corp. and others in a showdown of some of the nation’s biggest technology companies.Most Read from BloombergPutin Vows to Rid Russia of ‘Traitors’ While Waging Ukraine WarRichest Russian Built NYC Power Over Decades and Lost It in WeeksU.S. Is Sending Dive-Bombing Switchblade Drones to UkraineShock Waves From War in Ukraine Threaten to Swamp Sri LankaUkraine Update: U.S. Hou,"{'type': 'text/html', 'language': None, 'base': 'https://feeds.finance.yahoo.com/rss/2.0/headline?s=FB&region=US&lang=en-US', 'value': '(Bloomberg) -- A push in Congress to regulate digital app stores has pitted Apple Inc. and Alphabet Inc. against Microsoft Corp. and others in a showdown of some of the nation’s biggest technology companies.Most Read from BloombergPutin Vows to Rid Russia of ‘Traitors’ While Waging Ukraine WarRichest Russian Built NYC Power Over Decades and Lost It in WeeksU.S. Is Sending Dive-Bombing Switchblade Drones to UkraineShock Waves From War in Ukraine Threaten to Swamp Sri LankaUkraine Update: U.S. Hou'}",74028226-8cf7-3c87-8023-83e501b755f9,False,"[{'rel': 'alternate', 'type': 'text/html', 'href': 'https://finance.yahoo.com/news/apple-google-brawling-peers-over-130008223.html?.tsrc=rss'}]",https://finance.yahoo.com/news/apple-google-brawling-peers-over-130008223.html?.tsrc=rss,"Thu, 17 Mar 2022 13:00:08 +0000","time.struct_time(tm_year=2022, tm_mon=3, tm_mday=17, tm_hour=13, tm_min=0, tm_sec=8, tm_wday=3, tm_yday=76, tm_isdst=0)",Apple and Google Are Brawling With Peers Over Future of the App Store,"{'type': 'text/plain', 'language': None, 'base': 'https://feeds.finance.yahoo.com/rss/2.0/headline?s=FB&region=US&lang=en-US', 'value': 'Apple and\xa0Google Are Brawling With Peers Over Future of the App Store'}"
11,"Amazon (NASDAQ: AMZN) surprised investors earlier this month when it announced a 20-for-1 stock split.  In fact, the share price would be below Meta Platforms' (NASDAQ: FB) current stock price of around $200 today.  Ahead of Amazon's stock split and considering that Meta Platforms' shares have crashed recently, it's a good time for investors to take a look at the two tech companies' stocks to consider if either of them looks attractive.","{'type': 'text/html', 'language': None, 'base': 'https://feeds.finance.yahoo.com/rss/2.0/headline?s=FB&region=US&lang=en-US', 'value': ""Amazon (NASDAQ: AMZN) surprised investors earlier this month when it announced a 20-for-1 stock split.  In fact, the share price would be below Meta Platforms' (NASDAQ: FB) current stock price of around $200 today.  Ahead of Amazon's stock split\xa0and considering that Meta Platforms' shares have crashed recently, it's a good time for investors to take a look at the two tech companies' stocks to consider if either of them looks attractive.""}",4ead4738-cfd9-3621-b3a5-6c618e7dc53f,False,"[{'rel': 'alternate', 'type': 'text/html', 'href': 'https://finance.yahoo.com/m/4ead4738-cfd9-3621-b3a5-6c618e7dc53f/amazon-vs.-meta-platforms%3A.html?.tsrc=rss'}]",https://finance.yahoo.com/m/4ead4738-cfd9-3621-b3a5-6c618e7dc53f/amazon-vs.-meta-platforms%3A.html?.tsrc=rss,"Thu, 17 Mar 2022 11:41:00 +0000","time.struct_time(tm_year=2022, tm_mon=3, tm_mday=17, tm_hour=11, tm_min=41, tm_sec=0, tm_wday=3, tm_yday=76, tm_isdst=0)",Amazon vs. Meta Platforms: Which Stock Is a Better Buy Now?,"{'type': 'text/plain', 'language': None, 'base': 'https://feeds.finance.yahoo.com/rss/2.0/headline?s=FB&region=US&lang=en-US', 'value': 'Amazon vs. Meta Platforms: Which Stock Is a Better Buy Now?'}"
12,"Perhaps no company has gotten more attention in the metaverse than Facebook-parent Meta Platforms (NASDAQ: FB).  After all, Facebook renamed itself Meta to signal its reinvention as a company focused on both social media and the metaverse, and the company also reformulated its financial reporting to break out reality labs, its division focused on virtual-reality and augmented-reality technology.  Along the way, the metaverse has become a favorite talking point of Meta CEO Mark Zuckerberg, who has devoted a substantial amount of time on earnings calls to explain his vision of the metaverse and how it fits in with Meta's broader business model.","{'type': 'text/html', 'language': None, 'base': 'https://feeds.finance.yahoo.com/rss/2.0/headline?s=FB&region=US&lang=en-US', 'value': ""Perhaps no company has gotten more attention in the metaverse than Facebook-parent\xa0Meta Platforms\xa0(NASDAQ: FB).  After all, Facebook renamed itself Meta to signal its reinvention as a company focused on both social media and the metaverse, and the company also reformulated its financial reporting to break out reality labs, its division focused on virtual-reality and augmented-reality technology.  Along the way, the metaverse has become a favorite talking point of Meta CEO Mark Zuckerberg, who has devoted a substantial amount of time on earnings calls to explain his vision of the metaverse and how it fits in with Meta's broader business model.""}",935df2d0-5b22-37e1-830d-5dcd9b1118cc,False,"[{'rel': 'alternate', 'type': 'text/html', 'href': 'https://finance.yahoo.com/m/935df2d0-5b22-37e1-830d-5dcd9b1118cc/why-microsoft-has-an-edge.html?.tsrc=rss'}]",https://finance.yahoo.com/m/935df2d0-5b22-37e1-830d-5dcd9b1118cc/why-microsoft-has-an-edge.html?.tsrc=rss,"Thu, 17 Mar 2022 11:10:00 +0000","time.struct_time(tm_year=2022, tm_mon=3, tm_mday=17, tm_hour=11, tm_min=10, tm_sec=0, tm_wday=3, tm_yday=76, tm_isdst=0)",Why Microsoft Has an Edge Over Facebook in the Metaverse,"{'type': 'text/plain', 'language': None, 'base': 'https://feeds.finance.yahoo.com/rss/2.0/headline?s=FB&region=US&lang=en-US', 'value': 'Why Microsoft Has an Edge Over Facebook in the Metaverse'}"
13,(Bloomberg Law) -- President Joe Biden’s cryptocurrency executive order put the nation’s two federal consumer protection regulators front and center in regulating digital money.Most Read from BloombergPutin Vows to Rid Russia of ‘Traitors’ While Waging Ukraine WarRichest Russian Built NYC Power Over Decades and Lost It in WeeksShock Waves From War in Ukraine Threaten to Swamp Sri LankaU.S. Is Sending Dive-Bombing Switchblade Drones to UkraineSmoke From Huge Walmart Fire Could Be Seen From SpaceT,"{'type': 'text/html', 'language': None, 'base': 'https://feeds.finance.yahoo.com/rss/2.0/headline?s=FB&region=US&lang=en-US', 'value': '(Bloomberg Law) -- President Joe Biden’s cryptocurrency executive order put the nation’s two federal consumer protection regulators front and center in regulating digital money.Most Read from BloombergPutin Vows to Rid Russia of ‘Traitors’ While Waging Ukraine WarRichest Russian Built NYC Power Over Decades and Lost It in WeeksShock Waves From War in Ukraine Threaten to Swamp Sri LankaU.S. Is Sending Dive-Bombing Switchblade Drones to UkraineSmoke From Huge Walmart Fire Could Be Seen From SpaceT'}",25da3da7-868f-3f9c-9354-44c27214a905,False,"[{'rel': 'alternate', 'type': 'text/html', 'href': 'https://finance.yahoo.com/news/crypto-gets-u-oversight-agencies-100137992.html?.tsrc=rss'}]",https://finance.yahoo.com/news/crypto-gets-u-oversight-agencies-100137992.html?.tsrc=rss,"Thu, 17 Mar 2022 10:01:37 +0000","time.struct_time(tm_year=2022, tm_mon=3, tm_mday=17, tm_hour=10, tm_min=1, tm_sec=37, tm_wday=3, tm_yday=76, tm_isdst=0)",Crypto Gets New U.S. Oversight at Agencies That Once Held Back,"{'type': 'text/plain', 'language': None, 'base': 'https://feeds.finance.yahoo.com/rss/2.0/headline?s=FB&region=US&lang=en-US', 'value': 'Crypto Gets New U.S. Oversight at Agencies That Once Held Back'}"
14,"Volodymyr Zelensky quickly responds in separate video, tells Russian forces to give up instead","{'type': 'text/html', 'language': None, 'base': 'https://feeds.finance.yahoo.com/rss/2.0/headline?s=FB&region=US&lang=en-US', 'value': 'Volodymyr Zelensky quickly responds in separate video, tells Russian forces to give up instead'}",7eb08754-c55b-31b5-a698-99f7a7caf2d0,False,"[{'rel': 'alternate', 'type': 'text/html', 'href': 'https://www.independent.co.uk/tech/facebook-deepfake-ukraine-zelensky-russia-b2037766.html?.tsrc=rss'}]",https://www.independent.co.uk/tech/facebook-deepfake-ukraine-zelensky-russia-b2037766.html?.tsrc=rss,"Thu, 17 Mar 2022 05:33:39 +0000","time.struct_time(tm_year=2022, tm_mon=3, tm_mday=17, tm_hour=5, tm_min=33, tm_sec=39, tm_wday=3, tm_yday=76, tm_isdst=0)",Facebook removes ‘deepfake’ video of Ukrainian president that called on country’s forces to surrender,"{'type': 'text/plain', 'language': None, 'base': 'https://feeds.finance.yahoo.com/rss/2.0/headline?s=FB&region=US&lang=en-US', 'value': 'Facebook removes ‘deepfake’ video of Ukrainian president that called on country’s forces to surrender'}"
15,"Yes, Instagram will jump on NFTs. No, Meta’s not building a closed-off metaverse. And fashion is very important to the whole thing.","{'type': 'text/html', 'language': None, 'base': 'https://feeds.finance.yahoo.com/rss/2.0/headline?s=FB&region=US&lang=en-US', 'value': 'Yes, Instagram will jump on NFTs. No, Meta’s not building a closed-off metaverse. And fashion is very important to the whole thing.'}",e97b0fb2-b496-30fa-ba8a-6ef936f8c0de,False,"[{'rel': 'alternate', 'type': 'text/html', 'href': 'https://wwd.com/business-news/technology/wwdownload-meta-zuckerberg-metaverse-sxsw-1235136093/?.tsrc=rss'}]",https://wwd.com/business-news/technology/wwdownload-meta-zuckerberg-metaverse-sxsw-1235136093/?.tsrc=rss,"Wed, 16 Mar 2022 23:08:02 +0000","time.struct_time(tm_year=2022, tm_mon=3, tm_mday=16, tm_hour=23, tm_min=8, tm_sec=2, tm_wday=2, tm_yday=75, tm_isdst=0)",WWDownload: 10 Takeaways From Zuck’s SXSW Drive-by,"{'type': 'text/plain', 'language': None, 'base': 'https://feeds.finance.yahoo.com/rss/2.0/headline?s=FB&region=US&lang=en-US', 'value': 'WWDownload: 10 Takeaways From Zuck’s SXSW\xa0Drive-by'}"
16,Long-awaited legislation on harms from fraud to child abuse will create some of world’s toughest web restrictions,"{'type': 'text/html', 'language': None, 'base': 'https://feeds.finance.yahoo.com/rss/2.0/headline?s=FB&region=US&lang=en-US', 'value': 'Long-awaited legislation on harms from fraud to child abuse will create some of world’s toughest web restrictions'}",d9e86d08-4d1a-3eb9-8951-ba5c41ebccb2,False,"[{'rel': 'alternate', 'type': 'text/html', 'href': 'https://finance.yahoo.com/m/d9e86d08-4d1a-3eb9-8951-ba5c41ebccb2/details-of-uk-online-safety.html?.tsrc=rss'}]",https://finance.yahoo.com/m/d9e86d08-4d1a-3eb9-8951-ba5c41ebccb2/details-of-uk-online-safety.html?.tsrc=rss,"Wed, 16 Mar 2022 22:30:08 +0000","time.struct_time(tm_year=2022, tm_mon=3, tm_mday=16, tm_hour=22, tm_min=30, tm_sec=8, tm_wday=2, tm_yday=75, tm_isdst=0)",Details of UK online safety bill to be unveiled in bid to take on Big Tech,"{'type': 'text/plain', 'language': None, 'base': 'https://feeds.finance.yahoo.com/rss/2.0/headline?s=FB&region=US&lang=en-US', 'value': 'Details of UK online safety bill to be unveiled in bid to take on Big Tech'}"
17,"Facebook on Wednesday removed official Russian posts that falsely claimed reports of Russia bombing a children's hospital in Ukraine were a hoax, a company spokesperson said, even as similar messages appeared on other social media platforms.  The misinformation, on Russian Embassy Twitter, Facebook and Telegram accounts, circulated even after Twitter Inc and Meta Platform's Facebook took down posts from the Russian Embassy in the United Kingdom for breaking their rules against denying violent events, an Israeli watchdog found..","{'type': 'text/html', 'language': None, 'base': 'https://feeds.finance.yahoo.com/rss/2.0/headline?s=FB&region=US&lang=en-US', 'value': ""Facebook on Wednesday removed official Russian posts that falsely claimed reports of Russia bombing a children's hospital in Ukraine were a hoax, a company spokesperson said, even as similar messages appeared on other social media platforms.  The misinformation, on Russian Embassy Twitter, Facebook and Telegram accounts, circulated even after Twitter Inc and Meta Platform's Facebook took down posts from the Russian Embassy in the United Kingdom for breaking their rules against denying violent events, an Israeli watchdog found..""}",ec1c97c2-b7e9-3f02-a72e-4b0c84f7e679,False,"[{'rel': 'alternate', 'type': 'text/html', 'href': 'https://finance.yahoo.com/news/exclusive-facebook-removes-more-russia-210352028.html?.tsrc=rss'}]",https://finance.yahoo.com/news/exclusive-facebook-removes-more-russia-210352028.html?.tsrc=rss,"Wed, 16 Mar 2022 21:03:52 +0000","time.struct_time(tm_year=2022, tm_mon=3, tm_mday=16, tm_hour=21, tm_min=3, tm_sec=52, tm_wday=2, tm_yday=75, tm_isdst=0)",Exclusive-Facebook removes more Russia posts claiming children's hospital bombing a hoax,"{'type': 'text/plain', 'language': None, 'base': 'https://feeds.finance.yahoo.com/rss/2.0/headline?s=FB&region=US&lang=en-US', 'value': ""Exclusive-Facebook removes more Russia posts claiming children's hospital bombing a hoax""}"
18,"Maybe Meta Platform Inc.'s abandoned cryptocurrency efforts weren't entirely a waste of time.  After leaving the social networking giant in December, a pair of veterans of its digital currency effort launched a blockchain technology startup called Aptos Labs.  Mo Shaikh and Avery Chang, the CEO and chief technology officer, respectively, of the Palo Alto startup left Meta because it wasn't making progress on its cryptocurrency project, Shaikh told Bloomberg.","{'type': 'text/html', 'language': None, 'base': 'https://feeds.finance.yahoo.com/rss/2.0/headline?s=FB&region=US&lang=en-US', 'value': ""Maybe Meta Platform Inc.'s abandoned cryptocurrency efforts weren't entirely a waste of time.  After leaving the social networking giant in December, a pair of veterans of its digital currency effort launched a blockchain technology startup called Aptos Labs.  Mo Shaikh and Avery Chang, the CEO and chief technology officer, respectively, of the Palo Alto startup left Meta because it wasn't making progress on its cryptocurrency project, Shaikh told Bloomberg.""}",ba373b5d-5f51-38df-a699-da2d32475b34,False,"[{'rel': 'alternate', 'type': 'text/html', 'href': 'https://finance.yahoo.com/m/ba373b5d-5f51-38df-a699-da2d32475b34/a-4-month-old-cryptocurrency.html?.tsrc=rss'}]",https://finance.yahoo.com/m/ba373b5d-5f51-38df-a699-da2d32475b34/a-4-month-old-cryptocurrency.html?.tsrc=rss,"Wed, 16 Mar 2022 18:50:48 +0000","time.struct_time(tm_year=2022, tm_mon=3, tm_mday=16, tm_hour=18, tm_min=50, tm_sec=48, tm_wday=2, tm_yday=75, tm_isdst=0)",A 4-month-old cryptocurrency startup is now worth more than $1B after raising a $200M round,"{'type': 'text/plain', 'language': None, 'base': 'https://feeds.finance.yahoo.com/rss/2.0/headline?s=FB&region=US&lang=en-US', 'value': 'A 4-month-old cryptocurrency startup is now worth more than $1B after raising a $200M round'}"
19,"Roblox stock is one of the hottest metaverse stocks, but plunged after its latest earnings report. Is RBLX stock a buy right now?","{'type': 'text/html', 'language': None, 'base': 'https://feeds.finance.yahoo.com/rss/2.0/headline?s=FB&region=US&lang=en-US', 'value': 'Roblox stock is one of the hottest metaverse stocks, but plunged after its latest earnings report. Is RBLX stock a buy right now?'}",08561c49-1aed-38af-b580-d344931bf917,False,"[{'rel': 'alternate', 'type': 'text/html', 'href': 'https://finance.yahoo.com/m/08561c49-1aed-38af-b580-d344931bf917/is-roblox-stock-a-buy-right.html?.tsrc=rss'}]",https://finance.yahoo.com/m/08561c49-1aed-38af-b580-d344931bf917/is-roblox-stock-a-buy-right.html?.tsrc=rss,"Wed, 16 Mar 2022 18:06:48 +0000","time.struct_time(tm_year=2022, tm_mon=3, tm_mday=16, tm_hour=18, tm_min=6, tm_sec=48, tm_wday=2, tm_yday=75, tm_isdst=0)",Is Roblox Stock A Buy Right Now After Hitting All-Time Lows?,"{'type': 'text/plain', 'language': None, 'base': 'https://feeds.finance.yahoo.com/rss/2.0/headline?s=FB&region=US&lang=en-US', 'value': 'Is Roblox Stock A Buy Right Now After Hitting All-Time Lows?'}"
